{
    "mse": 0.8522865752199325,
    "rmse": 0.9231936823981912,
    "mae": 0.6947313855237319,
    "r2_score": 0.26084716066921376
}