{
    "mse": 0.7746609872054072,
    "rmse": 0.8801482756930262,
    "mae": 0.685711591961518,
    "r2_score": 0.22601733708069782
}